PRODUCTID,AVG_SCORE
B003Z39VR2,5.000000
B003P9XGE0,5.000000
B000CDWPOO,5.000000
B0013APAWE,5.000000
B000S83YCK,5.000000
B001VNOG5U,5.000000
B0014CAKM6,5.000000
B001EQ4I5M,5.000000
B00445KEFS,5.000000
B001F3C2TI,5.000000
